INSERT INTO fine (id, type, cost) VALUES (1, 'Нарушений нет', 0);
INSERT INTO fine (id, type, cost) VALUES (2, 'Нарушение 1', 100);
INSERT INTO fine (id, type, cost) VALUES (3, 'Нарушение 2', 200);
INSERT INTO fine (id, type, cost) VALUES (4, 'Нарушение 3', 300);
INSERT INTO fine (id, type, cost) VALUES (5, 'Нарушение 4', 400);
INSERT INTO fine (id, type, cost) VALUES (6, 'Нарушение 5', 500);
INSERT INTO fine (id, type, cost) VALUES (7, 'Нарушение 6', 600);
INSERT INTO fine (id, type, cost) VALUES (8, 'Нарушение 7', 700);
INSERT INTO fine (id, type, cost) VALUES (9, 'Нарушение 8', 800);
INSERT INTO fine (id, type, cost) VALUES (10, 'Нарушение 9', 900);
INSERT INTO fine (id, type, cost) VALUES (11, 'Нарушение 10', 1000);
INSERT INTO fine (id, type, cost) VALUES (12, 'Нарушение 11', 1100);
INSERT INTO fine (id, type, cost) VALUES (13, 'Нарушение 12', 1200);

INSERT INTO owner (id, lastname, firstname, middlename) VALUES (1, 'Фамилия1', 'Имя1', 'Отчество1');
INSERT INTO owner (id, lastname, firstname, middlename) VALUES (2, 'Фамилия2', 'Имя2', 'Отчество2');
INSERT INTO owner (id, lastname, firstname, middlename) VALUES (3, 'Фамилия3', 'Имя3', 'Отчество3');
INSERT INTO owner (id, lastname, firstname, middlename) VALUES (4, 'Фамилия4', 'Имя4', 'Отчество4');
INSERT INTO owner (id, lastname, firstname, middlename) VALUES (5, 'Фамилия5', 'Имя5', 'Отчество5');
INSERT INTO owner (id, lastname, firstname, middlename) VALUES (6, 'Фамилия6', 'Имя6', 'Отчество6');
INSERT INTO owner (id, lastname, firstname, middlename) VALUES (7, 'Фамилия7', 'Имя7', 'Отчество7');
INSERT INTO owner (id, lastname, firstname, middlename) VALUES (8, 'Фамилия8', 'Имя8', 'Отчество8');
INSERT INTO owner (id, lastname, firstname, middlename) VALUES (9, 'Фамилия9', 'Имя9', 'Отчество9');
INSERT INTO owner (id, lastname, firstname, middlename) VALUES (10, 'Фамилия10', 'Имя10', 'Отчество10');

INSERT INTO car (gosnumber, mark, model, owner_id, fine_id) VALUES ('х001хх', 'Марка1', 'Модель1', 1, 2);
INSERT INTO car (gosnumber, mark, model, owner_id, fine_id) VALUES ('х002хх', 'Марка1', 'Модель2', 2, 2);
INSERT INTO car (gosnumber, mark, model, owner_id, fine_id) VALUES ('х003хх', 'Марка1', 'Модель3', 3, 1);
INSERT INTO car (gosnumber, mark, model, owner_id, fine_id) VALUES ('х004хх', 'Марка1', 'Модель4', 4, 3);
INSERT INTO car (gosnumber, mark, model, owner_id, fine_id) VALUES ('х005хх', 'Марка1', 'Модель5', 5, 4);
INSERT INTO car (gosnumber, mark, model, owner_id, fine_id) VALUES ('х006хх', 'Марка1', 'Модель6', 6, 5);
INSERT INTO car (gosnumber, mark, model, owner_id, fine_id) VALUES ('х007хх', 'Марка1', 'Модель7', 7, 6);
INSERT INTO car (gosnumber, mark, model, owner_id, fine_id) VALUES ('х008хх', 'Марка1', 'Модель8', 8, 7);
INSERT INTO car (gosnumber, mark, model, owner_id, fine_id) VALUES ('х009хх', 'Марка1', 'Модель9', 9, 8);
INSERT INTO car (gosnumber, mark, model, owner_id, fine_id) VALUES ('х010хх', 'Марка1', 'Модель10', 10, 9);
INSERT INTO car (gosnumber, mark, model, owner_id, fine_id) VALUES ('х011хх', 'Марка2', 'Модель1', 1, 10);
INSERT INTO car (gosnumber, mark, model, owner_id, fine_id) VALUES ('х012хх', 'Марка2', 'Модель2', 1, 11);
INSERT INTO car (gosnumber, mark, model, owner_id, fine_id) VALUES ('х013хх', 'Марка2', 'Модель3', 2, 12);
INSERT INTO car (gosnumber, mark, model, owner_id, fine_id) VALUES ('х014хх', 'Марка2', 'Модель4', 3, 12);
INSERT INTO car (gosnumber, mark, model, owner_id, fine_id) VALUES ('х015хх', 'Марка2', 'Модель5', 4, 2);
INSERT INTO car (gosnumber, mark, model, owner_id, fine_id) VALUES ('х016хх', 'Марка2', 'Модель6', 2, 5);
INSERT INTO car (gosnumber, mark, model, owner_id, fine_id) VALUES ('х017хх', 'Марка2', 'Модель7', 7, 4);
INSERT INTO car (gosnumber, mark, model, owner_id, fine_id) VALUES ('х018хх', 'Марка2', 'Модель8', 7, 6);
INSERT INTO car (gosnumber, mark, model, owner_id, fine_id) VALUES ('х019хх', 'Марка2', 'Модель9', 9, 6);
INSERT INTO car (gosnumber, mark, model, owner_id, fine_id) VALUES ('х020хх', 'Марка2', 'Модель10', 10, 7);